policy,slot,slot_type1,slot_type2,n_patients,wait_mean,wait_median,wait_p90,wait_p95,p_wait_le_2,p_wait_le_5,p_overtime,overtime_mean_min,overtime_p95_min,util_m0,util_m1
new,q90,35,45,6801,1.0,1.0,1.0,1.0,1.0,1.0,0.068,2.3709505466019367,6.4328708978974465,0.810652820027547,0.7558240447797149
new,q95,40,65,6829,1.0004393029726169,1.0,1.0,1.0,1.0,1.0,0.096,2.8012503163321436,19.199488692360784,0.8139651450850591,0.7569898540014891
old,q90,35,45,6791,13.653217493741717,10.0,36.0,38.0,0.3769695184803416,0.4357237520247386,0.004,0.08171564904721981,0.0,0.7154247358248784,0.7363973502710879
old,q95,40,65,6855,39.65937272064187,39.0,72.0,78.0,0.01473377097009482,0.06010211524434719,0.0,0.0,0.0,0.6148493772527971,0.5983605096531766
