parameter,value
lambda_per_day,16.952380952380953
mu_duration_min,25.71238982703046
sigma_duration_min,5.83616210083606
